date,rate
2026-01-02,10.8085
2026-01-05,10.787
2026-01-06,10.765
2026-01-07,10.7365
2026-01-08,10.766
2026-01-09,10.748
2026-01-12,10.7008
2026-01-13,10.7135
2026-01-14,10.723
2026-01-15,10.6985
2026-01-16,10.719
2026-01-19,10.73
2026-01-20,10.708
2026-01-21,10.661
2026-01-22,10.594
2026-01-23,10.5705
2026-01-26,10.6265
2026-01-27,10.582
2026-01-28,10.5885
2026-01-29,10.5645
2026-01-30,10.5205
2026-02-02,10.5935
2026-02-03,10.5485
2026-02-04,10.577
2026-02-05,10.641
2026-02-06,10.6735
2026-02-09,10.6505
2026-02-10,10.6135
2026-02-11,10.564
2026-02-12,10.567
2026-02-13,10.6254
2026-02-16,10.6205
2026-02-17,10.648
2026-02-18,10.616
2026-02-19,10.6915
2026-02-20,10.6745
2026-02-23,10.6955
2026-02-24,10.688
2026-02-25,10.6765
2026-02-26,10.673
2026-02-27,10.6643
2026-03-02,10.708
2026-03-03,10.7265
2026-03-04,10.6785
2026-03-05,10.6885
2026-03-06,10.693
2026-03-09,10.6945
2026-03-10,10.606
2026-03-11,10.6543
2026-03-12,10.7108
2026-03-13,10.7545
2026-03-16,10.769
2026-03-17,10.7055
2026-03-18,10.7778
2026-03-19,10.8065
2026-03-20,10.7825
2026-03-23,10.8328
2026-03-24,10.8238
2026-03-25,10.7715
2026-03-26,10.8405
2026-03-27,10.878
2026-03-30,10.906
2026-03-31,10.943
2026-04-01,10.888
2026-04-02,10.948
2026-04-07,10.99
2026-04-08,10.784
2026-04-09,10.8765
2026-04-10,10.836
2026-04-13,10.892
2026-04-14,10.798
2026-04-15,10.85
2026-04-16,10.804
2026-04-17,10.803
2026-04-20,10.7685
2026-04-21,10.7495
2026-04-22,10.776
2026-04-23,10.7795
2026-04-24,10.82
2026-04-27,10.7885
2026-04-28,10.8485
2026-04-29,10.8405
2026-04-30,10.8555
2026-05-04,10.835
2026-05-05,10.84
2026-05-06,10.8335
2026-05-07,10.825
2026-05-08,10.842
2026-05-11,10.8765
2026-05-12,10.8935
2026-05-13,10.915
2026-05-14,10.9145
2026-05-15,10.982
2026-05-18,10.9465
2026-05-19,10.909
2026-05-20,10.8775
2026-05-21,10.8615
2026-05-22,10.8695
2026-05-25,10.7965
2026-05-26,10.8245
2026-05-27,10.7895
2026-05-28,10.8215
2026-05-29,10.772
2026-06-01,10.789
2026-06-02,10.825
2026-06-03,10.884
2026-06-04,10.8803
2026-06-05,10.8675
2026-06-08,10.876
2026-06-09,10.885
2026-06-10,10.9655
2026-06-11,10.9935
2026-06-12,10.928
2026-06-15,10.8975
2026-06-16,10.897
2026-06-17,10.891
2026-06-18,10.9845
2026-06-19,10.974
2026-06-22,10.998
2026-06-23,11.0585
2026-06-24,11.085
2026-06-25,11.069
2026-06-26,11.0775
2026-06-29,11.0865
2026-06-30,11.0935
2026-07-01,11.0955
2026-07-02,11.0775
2026-07-03,11.0315
2026-07-06,11.015
2026-07-07,11.0443
2026-07-08,11.0565
2026-07-09,11.062
2026-07-10,11.0145
2026-07-13,11.027
2026-07-14,11.036
2026-07-15,11.0473
2026-07-16,11.0285
2026-07-17,11.0405
2026-07-20,11.045
2026-07-21,11.0485
2026-07-22,11.0775
2026-07-23,11.0955
2026-07-24,11.055
2026-07-27,11.0445
2026-07-28,11.0625
2026-07-29,11.053
2026-07-30,11.0098
2026-07-31,10.9855
2026-08-03,10.9845
2026-08-04,10.9925
2026-08-05,10.9635
2026-08-06,10.924
2026-08-07,10.9455
2026-08-10,10.9655
2026-08-11,10.9635
2026-08-12,10.9965
2026-08-13,11.0285
2026-08-14,10.999
2026-08-17,11.001
2026-08-18,11.026
2026-08-19,11.0385
2026-08-20,11.0875
2026-08-21,11.0625
2026-08-24,11.0805
2026-08-25,11.0668
2026-08-26,11.0785
2026-08-27,11.0835
2026-08-28,11.0885
2026-08-31,11.11
2026-09-01,11.1145
2026-09-02,11.1575
2026-09-03,11.1245
2026-09-04,11.1005
2026-09-07,11.162
2026-09-08,11.152
2026-09-09,11.1495
2026-09-10,11.1995
2026-09-11,11.2373
2026-09-14,11.281
2026-09-15,11.274
2026-09-16,11.2875
2026-09-17,11.2715
2026-09-18,11.2915
2026-09-21,11.275
2026-09-22,11.2463
2026-09-23,11.272
2026-09-24,11.2645
2026-09-25,11.29
2026-09-28,11.3205
2026-09-29,11.321
2026-09-30,11.331
2026-10-01,11.331
2026-10-02,11.29
2026-10-05,11.2525
2026-10-06,11.2425
2026-10-07,11.224
2026-10-08,11.194
2026-10-09,11.1675
